Analysis Date,Analysis  Time,Sample Detail,Material,Naphth. % by GC,Thianaphth. %,Quinoline in ppm,Unknown Impurity%,SpGr,Analysed Temp OC,SpGr at 15.56OC,Mois. %,IBPOC,FBPOC
07.08.25,09.15AM,P-01,WFO,56.53,2.04,17459,1.83,1.028,46,1.046,0.2,98,340
07.08.25,06.00PM,P-01,WFO,55.52,2.02,17442,1.84,,,,,,
07.08.25,06.00PM,C-03-T,NO,88.94,4.22,6582,1.7,,,,,,
07.08.25,06.00PM,C-02-T,LCO,19.74,,,,0.989,35,1.001,,,
07.08.25,06.00PM,C-03-B,WO-270OC,1.46,,,,1.039,33,1.049,,232,290
07.08.25,06.00PM,C-01-B,ATO,0.01,,,,1.09,79,1.128,,268,360
08.08.25,06.00AM,C-03-T,NO,87.71,4.37,23446,0.75,,,,,,
08.08.25,06.00AM,C-02-T,LCO,53.42,,,,,,,,,
08.08.25,06.00AM,C-03-B,WO-270OC,1.25,,,,1.04,30,1.049,,238,278
08.08.25,06.00AM,C-01-B,ATO,0.03,,,,1.092,75,1.128,,272,360
08.08.25,09.30AM,P-01,WFO,56.38,2.03,18189,1.9,1.018,58,1.043,0.2,90,342
08.08.25,11.30AM,C-02-T,LCO,8.02,,,,0.986,31,0.995,,,
08.08.25,03.15PM,C-03-T,NO,87.05,3.21,12244,3.3,,,,,,
08.08.25,03.15PM,C-02-T,LCO,8.24,,,,0.991,35,1.003,,,
08.08.25,06.30AM,P-01,WFO,57.03,2.65,18244,2.17,,,,,,
08.08.25,07.30PM,C-03-B,WO-270OC,0.01,,,,1.036,30,1.045,,240,278
08.08.25,07.30PM,C-01-B,ATO,0.02,,,,1.09,79,1.128,,270,360
09.08.25,12.15AM,C-03-T,NO,86.76,3.5,8724,3.27,,,,,,
09.08.25,12.15AM,C-02-T,LCO,8.83,,,,0.992,32,1.002,,,
09.08.25,12.15AM,C-03-B,WO-270OC,0.02,,,,1.041,30,1.05,,240,276
09.08.25,12.15AM,C-01-B,ATO,0.07,,,,1.086,84,1.127,,272,360
09.08.25,07.00AM,C-03-T,NO,86.8,3.51,11897,3.08,,,,,,
09.08.25,07.00AM,C-03-B,WO-270OC,0.01,,,,,,,,,
09.08.25,07.00AM,C-01-B,ATO,0.54,,,,,,,,,
09.08.25,09.10AM,P-01,WFO,57.43,2.67,18583,2.22,1.021,56,1.145,0.2,94,344
09.08.25,12.50PM,C-03-T,NO,82.22,3.7,32380,2.53,,,,,,
09.08.25,12.50PM,C-02-T,LCO,9.75,,,,0.987,37,1,,,
09.08.25,03.30PM,C-03-T,NO,85.96,4.04,11137,3.37,,,,,,
09.08.25,03.30PM,C-02-T,LCO,15.24,,,,0.988,32,0.998,,,
09.08.25,03.30PM,C-03-B,WO-270OC,0.18,,,,,,,,,
09.08.25,03.30PM,C-01-B,ATO,0.02,,,,,,,,                                               ,
09.08.25,07.00PM,P-01,WFO,51.46,1.99,19929,1.56,,,,,,
09.08.25,09.30PM,C-03-T,NO,87.61,3.55,4523,3.33,,,,,,
10.08.25,12.30AM,C-03-T,NO,85.78,3.75,2056,4.25,,,,,,
10.08.25,12.30AM,C-02-T,LCO,12.45,,,,0.983,36,0.995,,,
10.08.25,12.30AM,C-03-B,WO-270OC,0.03,,,,1.032,32,1.042,,236,272
10.08.25,12.30AM,C-01-B,ATO,0.01,,,,1.094,74,1.129,,274,360
10.08.25,06.40AM,C-03-T,NO,84.61,4.61,2832,4.62,,,,,,
10.08.25,06.40AM,C-02-T,LCO,16.41,,,,0.986,38,0.999,,,
10.08.25,06.40AM,C-03-B,WO-270OC,0.02,,,,,,,,,
10.08.25,06.40AM,C-01-B,ATO,0.1,,,,,,,,,
10.08.25,08.45AM,P-01,WFO,58.2,2.74,19046,2.33,1.02,54,1.043,0.2,94,346
10.08.25,02.50PM,C-03-T,NO,86.26,4.05,1334,4.42,,,,,,
10.08.25,02.50PM,C-03-B,WO-270OC,0.03,,,,1.027,45,1.045,,234,260
10.08.25,02.50PM,C-01-B,ATO,0.07,,,,1.1,68,1.131,,296,360
10.08.25,05.30PM,P-01,WFO,58.56,2.43,18707,2.34,,,,,,
10.08.25,07.15PM,C-03-T,NO,91.4,2.95,1330,2.59,,,,,,
10.08.25,07.15PM,C-02-T,LCO,9,,,,0.983,39,0.997,,,
11.08.25,12.20AM,C-03-T,NO,89.53,3.54,1150,3.19,,,,,,
11.08.25,12.20AM,C-02-T,LCO,13.55,,,,0.989,34,1,,,
11.08.25,12.20AM,C-03-B,WO-270OC,0.08,,,,1.03,43,1.046,,236,266
11.08.25,12.20AM,C-01-B,ATO,0.03,,,,1.102,66,1.132,,280,360
11.08.25,06.10AM,C-03-T,NO,89.25,3.46,1510,2.68,,,,,,
11.08.25,06.10AM,C-02-T,LCO,13.54,,,,0.992,34,1.003,2,,
11.08.25,06.10AM,C-03-B,WO-270OC,0.06,,,,,,,,,
11.08.25,06.10AM,C-01-B,ATO,0.05,,,,1.088,78,1.125,,259,282
11.08.25,08.35AM,P-01,WFO,56.2,2.13,16425,1.98,1.026,50,1.047,0.2,104,360
11.08.25,11.30AM,C-02-T,LCO,13.58,,,,0.988,33,0.998,2.6,,
11.08.25,12.20PM,C-03-B,WO-270OC,0.16,,,,1.031,37,1.044,,236,266
11.08.25,06.00PM,C-03-T,NO,89.03,3.19,1157,3.11,,,,,,
11.08.25,06.00PM,C-03-B,WO-270OC,0.09,,,,,,,,,
11.08.25,06.00PM,P-01,WFO,56.06,1.99,18695,2.07,,,,,,
12.08.25,12.40AM,C-03-T,NO,87.55,3.62,1665,3.06,,,,,,
12.08.25,12.40AM,C-02-T,LCO,14.09,,,,0.988,33,0.998,,,
12.08.25,12.40AM,C-03-B,WO-270OC,0.07,,,,1.034,35,1.046,,236,264
12.08.25,12.40AM,C-01-B,ATO,0.17,,,,1.092,72,1.126,,280,360
12.08.25,06.40AM,C-03-T,NO,87.8,3.97,1444,3.32,,,,,,
12.08.25,06.40AM,C-02-T,LCO,12.97,,,,0.985,37,0.998,0.3,,
12.08.25,06.40AM,C-03-B,WO-270OC,0.04,,,,1.033,37,1.046,,236,266
12.08.25,06.40AM,C-01-B,ATO,0.07,,,,,,,,,
12.08.25,09.00AM,P-01,WFO,52.72,1.92,16538,1.76,1.035,41,1.05,0.2,186,338
12.08.25,12.00PM,C-02-T,LCO,12.39,,,,0.989,39,1.003,1.5,,
12.08.25,01.00PM,C-03-T,NO,88.59,3.87,1657,2.81,,,,,,
12.08.25,01.00PM,C-02-T,LCO,19.38,,,,0.987,32,0.997,,,
12.08.25,01.00PM,C-03-B,WO-270OC,0.06,,,,1.034,37,1.047,,226,274
12.08.25,01.00PM,C-01-B,ATO,0.12,,,,1.09,74,1.125,,262,360
12.08.25,06.00PM,P-01,WFO,51.85,2.17,16216,1.73,,,,,,
12.08.25,07.15PM,C-03-T,NO,89.38,3.16,1315,2.5,,,,,,
12.08.25,07.15PM,C-03-B,WO-270OC,0.06,,,,,,,,,
13.08.25,12.30AM,C-03-T,NO,88.3,3.64,1232,3.18,,,,,,
13.08.25,12.30AM,C-02-T,LCO,0.92,,,,0.964,43,0.98,2.4,,
13.08.25,12.30AM,C-03-B,WO-270OC,0.08,,,,1.032,40,1.047,,234,276
13.08.25,12.30AM,C-01-B,ATO,0.11,,,,1.088,80,1.127,,274,360
13.08.25,06.40AM,C-03-T,NO,87.95,4.13,1978,3.23,,,,,,
13.08.25,06.40AM,C-02-T,LCO,12.14,,,,0.988,35,1,0.2,,
13.08.25,06.40AM,C-03-B,WO-270OC,0.04,,,,1.041,34,1.052,,236,274
13.08.25,06.40AM,C-01-B,ATO,0.29,,,,1.084,75,1.12,,266,360
13.08.25,09.00AM,P-01,WFO,52.12,1.8,17360,1.82,1.038,39,1.052,,100,354
13.08.25,11.20AM,C-03-T,NO,89.46,3.86,1439,2.77,,,,,,
13.08.25,11.20AM,C-02-T,LCO,16.64,,,,0.986,30,0.995,,,
13.08.25,11.30AM,C-01-B,ATO,0.12,,,,1.08,90,1.125,,270,360
13.08.25,12.30AM,C-03-B,WO-270OC,0.04,,,,1.04,33,1.05,,238,274
13.08.25,05.20PM,C-03-T,NO,90.52,3.1,1067,2.82,,,,,,
13.08.25,05.20PM,C-02-T,LCO,13.02,,,,0.981,43,0.997,0.3,,
14.08.25,01.40AM,C-03-T,NO,88.25,3.83,1475,3.05,,,,,,
14.08.25,01.40AM,C-03-B,WO-270OC,0.02,,,,1.04,30,1.049,,238,268
14.08.25,01.40AM,C-01-B,ATO,0.1,,,,1.086,82,1.126,,274,360
14.08.25,02.30AM,C-02-T,LCO,10.59,,,,0.98,40,0.995,,,
14.08.25,04.30AM,C-02-T,LCO,14.17,,,,0.985,33,0.995,0.2,,
14.08.25,07.30AM,C-03-T,NO,91,2.96,835,2.71,,,,,,
14.08.25,07.30AM,C-02-T,LCO,12.25,,,,0.98,43,0.996,,,
14.08.25,07.30AM,C-03-B,WO-270OC,0.1,,,,1.033,40,1.048,,240,276
14.08.25,07.30AM,C-01-B,ATO,0.04,,,,1.084,86,1.126,,254,360
13.08.25,06.30PM,P-01,WFO,51.46,1.92,16829,1.56,,,,,,
14.08.25,09.00AM,P-01,WFO,50.64,1.83,17694,1.87,1.036,35,1.048,,98,342
14.08.25,11.55AM,C-03-T,NO,90.01,3.03,867,3.18,,,,,,
14.08.25,11.55AM,C-02-T,LCO,14.02,,,,0.984,40,0.999,,,
14.08.25,01.00PM,C-03-B,WO-270OC,0.15,,,,1.04,34,1.051,,236,274
14.08.25,01.00PM,C-01-B,ATO,0.09,,,,1.08,86,1.122,,262,360
14.08.25,05.10PM,P-01,WFO,52.12,1.97,16182,1.79,,,,,,
14.08.25,06.10PM,C-03-B,WO-270OC,0.17,,,,1.047,35,1.059,,238,284
14.08.25,06.10PM,C-01-B,ATO,0.22,,,,,,,,,
14.08.25,06.10PM,C-03-T,NO,91.1,3.04,611,2.86,,,,,,
14.08.25,06.10PM,C-02-T,LCO,14.75,,,,0.98,39,0.994,,,
15.08.25,01.40AM,C-03-T,NO,88.9,3.77,1254,3.48,,,,,,
15.08.25,01.40AM,C-02-T,LCO,13.55,,,,0.975,40,0.99,,,
15.08.25,01.40AM,C-03-B,WO-300OC,0.12,,,,1.037,37,1.05,,238,280
15.08.25,01.40AM,C-01-B,ATO,0.13,,,,1.086,78,1.123,,270,360
15.08.25,06.20AM,C-03-T,NO,88.89,3.25,1188,3.24,,,,,,
15.08.25,06.20AM,C-02-T,LCO,13.6,,,,0.979,43,0.995,0.2,,
15.08.25,06.20AM,C-03-B,WO-300OC,0.13,,,,1.036,40,1.051,,236,276
15.08.25,06.20AM,C-01-B,ATO,0.15,,,,1.088,80,1.127,,274,360
15.08.25,11.00AM,P-01,WFO,51.5,2.01,15957,1.57,,,,,,
15.08.25,11.15AM,C-03-T,NO,89.15,3.35,1257,3.03,,,,,,
15.08.25,11.15AM,C-02-T,LCO,12.21,,,,0.98,43,0.996,0.6,,
15.08.25,01.00PM,C-03-B,WO-300OC,0.23,,,,1.044,35,1.056,,238,276
15.08.25,01.00PM,C-01-B,ATO,0.44,,,,,,,,,
15.08.25,06.00PM,C-03-T,NO,89.64,3.56,1387,2.69,,,,,,
15.08.25,06.00PM,C-02-T,LCO,12.01,,,,0.979,42,0.995,,,
15.08.25,06.00PM,C-03-B,WO-300OC,0.06,,,,1.035,46,1.047,,238,290
15.08.25,06.00PM,C-01-B,ATO,0.09,,,,,,,,,
15.08.25,07.00PM,P-01,WFO,48.85,1.57,16240,1.55,,,,,,
16.08.25,12.30AM,C-03-T,NO,89.9,3.18,1175,2.53,,,,,,
16.08.25,12.30AM,C-02-T,LCO,13.4,,,,0.991,31,1,,,
16.08.25,12.30AM,C-03-B,WO-300OC,0.04,,,,1.044,37,1.057,,238,288
16.08.25,12.30AM,C-01-B,ATO,0.05,,,,1.09,75,1.126,,276,360
16.08.25,06.20AM,C-03-T,NO,90.17,3.44,1068,2.76,,,,,,
16.08.25,06.20AM,C-02-T,LCO,16.08,,,,0.986,34,0.997,,,
16.08.25,06.20AM,C-03-B,WO-300OC,0.04,,,,1.045,36,1.057,,240,282
16.08.25,06.20AM,C-01-B,ATO,0.04,,,,1.092,76,1.128,,274,360
16.08.25,09.00AM,P-01,WFO,52.06,1.78,16102,1.57,1.039,34,1.05,0.2,98,328
16.08.25,12.05PM,C-03-T,NO,89.18,3.4,1127,3.01,,,,,,
16.08.25,12.05PM,C-02-T,LCO,11.24,,,,0.99,30,0.999,,,
16.08.25,01.00PM,C-03-B,WO-300OC,0.01,,,,1.05,35,1.062,,238,290
16.08.25,01.00PM,C-01-B,ATO,0.13,,,,1.09,73,1.127,,266,360
16.08.25,6.30PM,P-01,WFO,51.76,2.09,16118,1.68,,,,,,
16.08.25,7.10PM,C-03-T,NO,89.69,3.47,1943,2.94,,,,,,
16.08.25,7.10PM,C-02-T,LCO,10.44,,,,0.988,31,0.997,,,
16.08.25,7.10PM,C-03-B,WO-300OC,0.02,,,,,,,,,
16.08.25,7.10PM,C-01-B,ATO,0.05,,,,,,,,,
17.08.25,2.30AM,C-03-T,NO,88.76,3.38,1122,3,,,,,,
17.08.25,2.30AM,C-02-T,LCO,13.19,,,,0.988,30,0.997,0.3,,
17.08.25,2.30AM,C-03-B,WO-300OC,0.05,,,,1.046,35,1.058,,236,294
17.08.25,2.30AM,C-01-B,ATO,0.1,,,,1.088,79,1.126,,272,360
17.08.25,7.30AM,C-03-T,NO,83.51,3.93,15476,3.87,,,,,,
17.08.25,7.30AM,C-02-T,LCO,12.08,,,,0.988,30,0.997,,,
17.08.25,7.30AM,C-03-B,WO-300OC,0.05,,,,1.045,31,1.054,,240,284
17.08.25,7.30AM,C-01-B,ATO,0.04,,,,1.092,75,1.128,,274,360
17.08.25,11.30AM,P-01,WFO,45.81,1.86,15707,1.5,1.028,50,1.059,,104,340
17.08.25,12.30PM,C-03-T,NO,91.96,3.02,467,2.46,,,,,,
17.08.25,12.30PM,C-02-T,LCO,13,,,,0.987,32,0.997,,,
17.08.25,1.00PM,C-03-B,WO-300OC,0.19,,,,1.041,37,1.054,,236,290
17.08.25,1.00PM,C-01-B,ATO,0.02,,,,1.09,76,1.126,,278,360
17.08.25,6.40PM,P-01,WFO,51.87,1.95,17000,1.57,,,,,,
17.08.25,7.00PM,C-03-T,NO,90.3,3.29,1265,2.71,,,,,,
17.08.25,7.00PM,C-02-T,LCO,12.07,,,,0.987,30,0.996,,,
17.08.25,7.00PM,C-03-B,WO-300OC,0.1,,,,,,,,,
17.08.25,7.00PM,C-01-B,ATO,0.01,,,,,,,,,
18.08.25,1.05AM,C-03-T,NO,89.26,3.37,1133,3.06,,,,,,
18.08.25,1.05AM,C-02-T,LCO,11.46,,,,0.99,30,0.999,,,
18.08.25,1.05AM,C-03-B,WO-300OC,0.19,,,,1.046,32,1.056,,238,296
18.08.25,1.05AM,C-01-B,ATO,0.02,,,,1.084,84,1.125,,274,360
18.08.25,6.50AM,C-03-T,NO,86.56,3.5,1382,4,,,,,,
18.08.25,6.50AM,C-02-T,LCO,12.75,,,,0.989,32,0.999,,,
18.08.25,6.50AM,C-03-B,WO-300OC,0.28,,,,1.037,42,1.053,,240,294
18.08.25,6.50AM,C-01-B,ATO,0.34,,,,,,,,,
18.08.25,8.40AM,P-01,WFO,49.81,1.69,16433,1.57,1.033,44,1.05,,102,348
18.08.25,12.30PM,C-03-T,NO,89.89,3.41,1103,2.83,,,,,,
18.08.25,12.30PM,C-02-T,LCO,11.79,,,,0.988,33,0.998,,,
18.08.25,12.30PM,C-03-B,WO-300OC,0.36,,,,1.045,33,1.055,,238,284
18.08.25,12.30PM,C-01-B,ATO,0.01,,,,1.086,84,1.127,,286,360
18.08.25,06.20PM,P-01,WFO,55.51,1.99,16724,1.77,,,,,,
18.08.25,07.10PM,C-03-T,NO,89.72,3.34,1386,2.77,,,,,,
18.08.25,07.10PM,C-02-T,LCO,14.04,,,,0.985,32,0.995,,,
18.08.25,07.10PM,C-03-B,WO-300OC,0.01,,,,,,,,,
18.08.25,07.10PM,C-01-B,ATO,0,,,,,,,,,
18.08.25,11.30PM,C-03-T,NO,88.23,3.6,1381,3.44,,,,,,
18.08.25,11.30PM,C-02-T,LCO,11.75,,,,0.988,35,1,,,
18.08.25,11.30PM,C-03-B,WO-300OC,0.09,,,,1.044,33,1.054,,238,284
18.08.25,11.30PM,C-01-B,ATO,0.01,,,,1.09,76,1.126,,280,360
19.08.25,07.00AM,C-03-T,NO,88.55,3.1,1080,3.46,,,,,,
19.08.25,07.00AM,C-02-T,LCO,10.62,,,,0.983,36,0.995,,,
19.08.25,07.00AM,C-03-B,WO-300OC,0.12,,,,,,,,,
19.08.25,07.00AM,C-01-B,ATO,0,,,,,,,,,
19.08.25,09.00AM,P-01,WFO,47.97,1.25,16521,0.84,1.034,45,1.052,,100,354
19.08.25,12.30PM,C-03-T,NO,88.23,3.39,1659,3.3,,,,,,
19.08.25,12.30PM,C-02-T,LCO,11.15,,,,0.983,45,1.001,,,
19.08.25,12.30PM,C-03-B,WO-300OC,0.04,,,,1.043,36,1.055,,238,286
19.08.25,12.30PM,C-01-B,ATO,0.17,,,,1.092,78,1.129,,274,360
19.08.25,05.35PM,P-01,WFO,55.13,1.86,15886,1.57,,,,,,
19.08.25,06.30PM,C-03-T,NO,89.07,2.82,6697,2.32,,,,,,
19.08.25,06.30PM,C-02-T,LCO,10.68,,,,0.986,30,0.995,,,
19.08.25,06.30PM,C-03-B,WO-300OC,0.03,,,,,,,,,
19.08.25,06.30PM,C-01-B,ATO,0.01,,,,,,,,,
19.08.25,11.40PM,C-03-T,NO,90.67,2.86,1757,2.44,,,,,,
19.08.25,11.40PM,C-02-T,LCO,11.55,,,,0.994,34,1.005,,,
19.08.25,11.40PM,C-03-B,WO-300OC,0.01,,,,1.046,33,1.056,,238,290
19.08.25,11.40PM,C-01-B,ATO,0.04,,,,1.09,79,1.128,,272,360
20.08.25,06.50AM,C-03-T,NO,90.34,3.13,690,2.8,,,,,,
20.08.25,06.50AM,C-02-T,LCO,14.14,,,,0.99,35,1.002,,,
20.08.25,06.50AM,C-03-B,WO-300OC,0.93,,,,,,,,,
20.08.25,06.50AM,C-01-B,ATO,0.01,,,,,,,,,
20.08.25,09.00AM,P-01,WFO,55.57,1.69,17207,1.64,1.034,46,1.052,0.2,100,356
20.08.25,06.00PM,C-03-T,NO,90.24,3.54,1246,2.36,,,,,,
21.08.25,12.30AM,C-03-T,NO,91.25,2.95,1323,2.27,,,,,,
21.08.25,12.30AM,C-02-T,LCO,10.91,,,,0.988,32,0.998,,,
21.08.25,12.30AM,C-03-B,WO-300OC,0.03,,,,1.04,40,1.055,,240,288
21.08.25,12.30AM,C-01-B,ATO,0.02,,,,1.086,82,1.126,,274,36
21.08.25,09.00AM,P-01,WFO,57.33,1.68,15269,1.26,1.03,45,1.048,0.3,96,340
21.08.25,01.00PM,C-03-T,NO,91.95,2.58,1415,1.86,,,,,,
21.08.25,01.00PM,C-02-T,LCO,10.43,,,,0.974,48,0.993,,,
21.08.25,01.00PM,C-03-B,WO-300OC,0.14,,,,1.035,41,1.05,,236,280
21.08.25,01.00PM,C-01-B,ATO,0.07,,,,1.098,71,1.137,,272,360
21.08.25,06.00PM,P-01,WFO,47.73,1.76,15339,1.38,,,,,,
21.08.25,07.15PM,C-03-T,NO,90.86,3.13,862,2.59,,,,,,
21.08.25,07.15PM,C-02-T,LCO,13.07,,,,0.982,39,0.996,,,
21.08.25,07.15PM,C-03-B,WO-300OC,0.1,,,,,,,,,
21.08.25,07.15PM,C-01-B,ATO,0.18,,,,,,,,,
22.08.25,12.30AM,C-03-T,NO,90.16,3.31,1003,2.87,,,,,,
22.08.25,12.30AM,C-02-T,LCO,16.25,,,,0.98,41,0.995,,,
22.08.25,12.30AM,C-03-B,WO-300OC,0.14,,,,1.04,34,1.051,,234,286
22.08.25,12.30AM,C-01-B,ATO,0.19,,,,1.09,78,1.127,,274,360
22.08.25,07.00AM,C-03-T,NO,88.02,3.9,1592,3.29,,,,,,
22.08.25,07.00AM,C-02-T,LCO,12.29,,,,0.981,38,0.994,,,
22.08.25,07.00AM,C-03-B,WO-300OC,0.1,,,,1.041,34,1.052,,234,278
22.08.25,07.00AM,C-01-B,ATO,0.27,,,,1.092,76,1.128,,274,360
22.08.25,09.00AM,P-01,WFO,53..95,1.68,16730,1.59,1.029,43,1.045,0.2,98,354
22.08.25,01.00PM,C-03-T,NO,86.81,4.05,1367,3.8,,,,,,
22.08.25,01.00PM,C-02-T,LCO,20.95,,,,0.986,33,0.996,,,
22.08.25,01.00PM,C-03-B,WO-300OC,0.62,,,,1.041,35,1.053,,234,286
22.08.25,01.00PM,C-01-B,ATO,0.12,,,,1.09,78,1.127,,276,360
22.08.25,04.20PM,C-03-T,NO,89.83,3.24,766,2.79,,,,,,
22.08.25,04.20PM,C-02-T,LCO,18.86,,,,0.982,34,0.993,,,
22.08.25,06.00PM,P-01,WFO,57.07,2,16672,1.87,,,,,,
23.08.25,12.10AM,C-03-T,NO,89.61,3.97,1017,3.28,,,,,,
23.08.25,12.10AM,C-02-T,LCO,18.53,,,,0.988,30,0.997,,,
23.08.25,12.10AM,C-03-B,WO-300OC,0.93,,,,1.05,30,1.059,,236,282
23.08.25,12.10AM,C-01-B,ATO,0.17,,,,1.094,74,1.129,,274,360
23.08.25,05.10AM,C-02-T,LCO,8.14,,,,0.99,30,0.999,,,
23.08.25,9.00AM,P-01,WFO,57.07,2.06,17209,1.96,1.02,61,1.047,0.2,94,336
23.08.25,12.05PM,C-03-T,NO,89.06,3.72,1327,3.13,,,,,,
23.08.25,12.05PM,C-02-T,LCO,12.09,,,,0.975,44,0.992,,,
23.08.25,12.05PM,C-03-B,WO-300OC,0.23,,,,1.036,44,1.053,,238,294
23.08.25,12.05PM,C-01-B,ATO,0.18,,,,1.08,89,1.124,,278,360
23.08.25,5.10PM,P-01,WFO,57.11,2.34,16967,2.2,,,,,,
23.08.25,7.45PM,C-03-T,NO,88.18,3.36,1319,3.54,,,,,,
23.08.25,7.45PM,C-02-T,LCO,15.93,,,,0.98,40,0.995,,,
23.08.25,7.45PM,C-03-B,WO-300OC,0.31,,,,,,,,,
23.08.25,7.45PM,C-01-B,ATO,0.28,,,,,,,,,
24.08.25,12.20AM,C-03-T,NO,87.04,4.38,2435,3.44,,,,,,
24.08.25,12.20AM,C-02-T,LCO,13.65,,,,0.98,38,0.993,,,
24.08.25,12.20AM,C-03-B,WO-300OC,0.07,,,,1.04,37,1.053,,236,290
24.08.25,12.20AM,C-01-B,ATO,0.16,,,,1.088,82,1.128,,276,360
24.08.25,8.45AM,P-01,WFO,58.43,2.23,17222,2.09,1.03,50,1.051,0.2,98,330
24.08.25,3.00PM,C-03-T,NO,89.55,3.29,1166,2.8,,,,,,
24.08.25,3.00PM,C-02-T,LCO,12.84,,,,0.981,37,0.994,,,
24.08.25,3.00PM,C-03-B,WO-300OC,0.51,,,,1.045,31,1.054,,234,284
24.08.25,3.00PM,C-01-B,ATO,0.12,,,,1.09,76,1.126,,276,360
24.08.25,6.00PM,P-01,WFO,53.26,2.09,17661,2.08,,,,,,
25.08.25,12.30AM,C-03-T,NO,87.7,3.94,1451,3.7,,,,,,
25.08.25,12.30AM,C-02-T,LCO,11.23,,,,0.98,36,0.992,,,
25.08.25,12.30AM,C-03-B,WO-300OC,0.25,,,,1.046,27,1.053,,232,284
25.08.25,12.30AM,C-01-B,ATO,0.69,,,,1.088,78,1.125,,274,360
25.08.25,7.30AM,C-03-T,NO,87.03,4.24,1969,3.58,,,,,,
25.08.25,7.30AM,C-02-T,LCO,12.6,,,,0.975,38,0.988,,,
25.08.25,7.30AM,C-03-B,WO-300OC,0.06,,,,1.046,39,1.06,,,
25.08.25,7.30AM,C-01-B,ATO,0.17,,,,,,,,,
25.08.25,9.00AM,P-01,WFO,58.98,2.35,17045,2.3,1.03,44,1.047,0.2,98,344
25.08.25,2.45PM,C-03-T,NO,87.43,4.05,1406,3.47,,,,,,
25.08.25,2.45PM,C-02-T,LCO,10.36,,,,0.982,35,0.994,,,
25.08.25,2.45PM,C-03-B,WO-300OC,0.17,,,,1.041,35,1.053,,232,286
25.08.25,2.45PM,C-01-B,ATO,0.05,,,,1.092,75,1.128,,278,360
25.08.25,5.40PM,P-01,WFO,46.2,1.99,17940,1.76,,,,,,
26.08.25,12.40AM,C-03-T,NO,87.76,3.52,1597,3.99,,,,,,
26.08.25,12.40AM,C-02-T,LCO,10.84,,,,0.981,35,0.993,,,
26.08.25,12.40AM,C-01-B,ATO,0.09,,,,1.088,75,1.124,,274,360
26.08.25,7.25AM,C-03-T,NO,87.84,3.68,1189,3.63,,,,,,
26.08.25,7.25AM,C-02-T,LCO,13.2,,,,0.98,36,0.992,,,
26.08.25,7.25AM,C-01-B,ATO,0.87,,,,,,,,,
26.08.25,8.35AM,P-01,WFO,59,2.04,16983,1.86,1.034,41,1.049,0.2,94,340
26.08.25,12.00PM,C-03-T,NO,89.76,3.21,966,2.98,,,,,,
26.08.25,12.00PM,C-02-T,LCO,14.17,,,,0.982,33,0.992,,,
26.08.25,12.00PM,C-03-B,WO-300OC,1.92,,,,1.039,34,1.05,,232,286
26.08.25,12.00PM,C-01-B,ATO,0.15,,,,1.092,74,1.127,,270,360
26.08.25,5.20PM,P-01,WFO,58.04,2,16161,1.8,,,,,,
26.08.25,6.20PM,C-01-B,ATO,3.94,,,,,,,,,
26.08.25,7.15PM,C-03-T,NO,89.5,3.64,1011,2.91,,,,,,
26.08.25,7.15PM,C-02-T,LCO,13.53,,,,0.98,35,0.992,,,
26.08.25,07.15PM,C-03-B,WO-300OC,0.35,,,,,,,,,
27.08.25,12.00AM,C-02-T,LCO,13.53,,,,0.981,34,0.992,,,
27.08.25,12.00AM,C-03-B,WO-300OC,0.06,,,,,,,,,
27.08.25,12.00AM,C-01-B,ATO,0.14,,,,,,,,,
27.08.25,3.00AM,C-03-T,NO,84.07,3.61,1285,3.42,,,,,,
27.08.25,3.00AM,C-02-T,LCO,13.56,,,,0.979,36,0.991,,,
27.08.25,03.00AM,C-03-B,WO-300OC,0.01,,,,,,,,,
27.08.25,3.00AM,C-01-B,ATO,0.54,,,,,,,,,
27.08.25,9.00AM,P-01,WFO,59.08,2.02,17060,1.79,,,,,,
27.08.25,2.30PM,C-03-T,NO,89.92,3.39,878,3.14,,,,,,
27.08.25,2.30PM,C-02-T,LCO,9.23,,,,0.979,38,0.992,,,
27.08.25,02.30PM,C-03-B,WO-300OC,0.07,,,,1.045,34,1.056,,234,284
27.08.25,2.30PM,C-01-B,ATO,0.12,,,,,,,,,
27.08.25,6.00PM,P-01,WFO,57.48,1.88,16230,1.58,,,,,,
27.08.25,6.30PM,C-03-T,NO,90.82,3.27,788,2.74,,,,,,
27.08.25,6.30PM,C-02-T,LCO,10.17,,,,0.982,35,0.994,,,
28.08.25,12.20AM,C-03-T,NO,89.29,3.41,964,3.19,,,,,,
28.08.25,12.20AM,C-02-T,LCO,11.36,,,,0.986,32,0.996,,,
28.08.25,12.20AM,C-03-B,WO-300OC,0.27,,,,1.043,32,1.053,,234,282
28.08.25,12.20AM,C-01-B,ATO,0.55,,,,1.084,86,1.126,,272,360
28.08.25,4.50AM,C-01-B,ATO,0.43,,,,,,,,,
28.08.25,9.00AM,P-01,WFO,58.76,2.19,15674,2,1.036,40,1.051,0.2,98,346
28.08.25,02.20PM,C-03-T,NO,89,3.68,799,3.05,,,,,,
28.08.25,02.20PM,C-02-T,LCO,12.84,,,,0.985,35,0.997,,,
28.08.25,02.50PM,C-03-B,WO-300OC,2.36,,,,1.029,41,1.044,,232,286
28.08.25,03.30PM,C-01-B,ATO,2.71,,,,1.092,72,1.126,,240,360
28.08.25,05.20PM,C-03-B,WO-300OC,0.27,,,,,,,,,
28.08.25,05.20PM,C-01-B,ATO,0.34,,,,,,,,,
28.08.25,06.00PM,P-01,WFO,56.8,2.18,16442,2.02,,,,,,
28.08.25,07.15PM,C-03-T,NO,88.77,3.79,1242,3.39,,,,,,
28.08.25,07.15PM,C-02-T,LCO,9.55,,,,0.98,36,0.992,,,
28.08.25,07.15PM,C-03-B,WO-300OC,0.28,,,,,,,,,
28.08.25,07.15PM,C-01-B,ATO,0.43,,,,,,,,,
29.08.25,12.50AM,C-03-T,NO,91.17,3.31,1026,2.58,,,,,,
29.08.25,12.50AM,C-02-T,LCO,10.34,,,,0.983,35,0.995,,,
29.08.25,12.50AM,C-03-B,WO-300OC,0.11,,,,1.03,43,1.046,,236,280
29.08.25,12.50AM,C-01-B,ATO,0.2,,,,1.09,75,1.126,,260,360
29.08.25,06.00AM,C-03-B,WO-300OC,0.05,,,,1.042,30,1.051,,232,274
29.08.25,06.00AM,C-01-B,ATO,0.4,,,,,,,,,
29.08.25,09.00AM,P-01,WFO,52.2,2.35,17709,2.21,1.023,45,1.041,0.2,98,336
29.08.25,11.50AM,C-03-T,NO,86.76,4,1847,3.68,,,,,,
29.08.25,11.50AM,C-02-T,LCO,8.18,,,,0.981,33,0.991,,,
29.08.25,11.50AM,C-03-B,WO-300OC,0.04,,,,,,,,,
29.08.25,11.50AM,C-01-B,ATO,0.2,,,,,,,,,
29.08.25,05.30PM,P-01,WFO,59.07,2.27,16369,2.23,,,,,,
29.08.25,07.30PM,C-03-T,NO,87.97,3.58,1707,3.22,,,,,,
29.08.25,07.30PM,C-02-T,LCO,11.04,,,,0.985,31,0.994,,,
29.08.25,07.30PM,C-03-B,WO-300OC,0.01,,,,1.045,36,1.057,,238,292
29.08.25,07.30PM,C-01-B,ATO,0.63,,,,1.086,90,1.131,,266,360
30.08.25,12.25AM,C-03-T,NO,86.41,4.15,1804,3.86,,,,,,
30.08.25,12.25AM,C-02-T,LCO,9.07,,,,0.98,35,0.992,,,
30.08.25,12.25AM,C-03-B,WO-300OC,0.05,,,,1.033,40,1.048,,234,288
30.08.25,12.25AM,C-01-B,ATO,0.19,,,,1.09,80,1.129,,270,360
30.08.25,06.50AM,C-03-T,NO,87.65,4.01,1607,3.57,,,,,,
30.08.25,06.50AM,C-02-T,LCO,9.19,,,,0.982,34,0.993,,,
30.08.25,08.30AM,P-01,WFO,59.66,2.75,1633,2.22,1.036,30,1.045,0.2,100,334
30.08.25,12.30PM,C-03-T,NO,87.08,3.98,1378,3.55,,,,,,
30.08.25,12.30PM,C-02-T,LCO,9.95,,,,0.98,34,0.991,,,
30.08.25,12.30PM,C-03-B,WO-300OC,0.07,,,,1.032,41,1.047,,236,286
30.08.25,12.30PM,C-01-B,ATO,0.6,,,,1.088,88,1.131,,262,360
30.08.25,06.30PM,P-01,WFO,58.4,2.27,16095,2.15,,,,,,
30.08.25,07.30PM,C-03-T,NO,87.98,3.65,1356,3.49,,,,,,
30.08.25,07.30PM,C-02-T,LCO,11.83,,,,0.986,36,0.998,,,
30.08.25,07.30PM,C-03-B,WO-300OC,0.06,,,,,,,,,
30.08.25,07.30PM,C-01-B,ATO,0.16,,,,,,,,,
31.08.25,01.20AM,C-03-T,NO,87.78,3.77,2428,3.53,,,,,,
31.08.25,01.20AM,C-02-T,LCO,11.23,,,,0.984,34,0.995,,,
31.08.25,01.20AM,C-03-B,WO-300OC,0.04,,,,1.03,44,1.047,,238,284
31.08.25,01.20AM,C-01-B,ATO,0.79,,,,1.088,86,1.13,,268,360
31.08.25,06.30AM,C-03-T,NO,89.03,3.48,1554,2.36,,,,,,
31.08.25,06.30AM,C-02-T,LCO,11.1,,,,0.989,30,0.998,,,
31.08.25,08.50AM,P-01,WFO,60.8,2.12,16659,2.03,1.028,40,1.043,0.2,100,336
31.08.25,12.40PM,C-03-T,NO,87.86,3.74,2438,3.52,,,,,,
31.08.25,12.40PM,C-02-T,LCO,9.21,,,,0.983,33,0.993,,,
31.08.25,12.40PM,C-03-B,WO-270OC,0.04,,,,1.041,33,1.051,,236,276
31.08.25,12.40PM,C-01-B,ATO,0.19,,,,1.084,89,1.128,,254,360
31.08.25,05.30PM,P-01,WFO,61.66,2.17,16341,2.06,,,,,,
31.08.25,07.40PM,C-03-T,NO,86.81,3.94,1366,4.1,,,,,,
31.08.25,07.40PM,C-02-T,LCO,10.09,,,,0.98,35,0.992,,,
31.08.25,07.40PM,C-03-B,WO-270OC,0.29,,,,,,,,,
31.08.25,07.40PM,C-01-B,ATO,0.2,,,,,,,,,
01.09.25,12.40AM,C-03-T,NO,88.54,3.62,1642,3.06,,,,,,
01.09.25,12.40AM,C-02-T,LCO,9.02,,,,0.981,32,0.991,,,
01.09.25,12.40AM,C-03-B,WO-270OC,0.03,,,,1.04,35,1.053,,238,280
01.09.25,12.40AM,C-01-B,ATO,0.16,,,,1.088,86,1.13,,264,360
01.09.25,06.20AM,C-03-T,NO,88.31,3.73,1901,3.26,,,,,,
01.09.25,06.20AM,C-02-T,LCO,9.97,,,,0.983,36,0.995,,,
01.09.25,08.45AM,P-01,WFO,53.95,1.93,16381,1.9,1.019,51,1.04,0.2,110,324
01.09.25,12.40PM,C-03-T,NO,88.16,3.73,1443,3.27,,,,,,
01.09.25,12.40PM,C-02-T,LCO,9.15,,,,0.98,30,0.989,,,
01.09.25,12.40PM,C-03-B,WO-270OC,0.01,,,,1.046,32,1.056,,236,274
01.09.25,12.40PM,C-01-B,ATO,0.1,,,,1.09,84,1.131,,278,360
01.09.25,06.00PM,P-01,WFO,59.64,2.56,16374,2.74,,,,,,
01.09.25,07.15PM,C-03-T,NO,87.41,3.24,5184,3.33,,,,,,
01.09.25,07.15PM,C-02-T,LCO,10.25,,,,0.981,31,0.99,,,
01.09.25,07.15PM,C-03-B,WO-270OC,0.03,,,,1.036,38,1.049,,220,280
01.09.25,07.15PM,C-01-B,ATO,0.1,,,,,,,,,
02.09.25,03.10AM,C-03-T,NO,84.6,4.23,2246,4.67,,,,,,
02.09.25,03.10AM,C-02-T,LCO,11.05,,,,0.977,34,0.988,,,
02.09.25,03.10AM,C-03-B,WO-270OC,0.28,,,,1.04,30,1.049,,230,278
02.09.25,03.10AM,C-01-B,ATO,0.07,,,,1.088,84,1.129,,274,360
02.09.25,07.15AM,C-03-T,NO,85.92,3.92,1362,4.93,,,,,,
02.09.25,07.15AM,C-02-T,LCO,10.81,,,,0.982,33,0.992,,,
02.09.25,09.00AM,P-01,WFO,58.16,2.42,16075,2.6,1.02,49,1.04,0.2,108,330
02.09.25,12.40PM,C-03-T,NO,85.86,4.57,2084,3.86,,,,,,
02.09.25,12.40PM,C-02-T,LCO,9.88,,,,0.981,36,0.993,,,
02.09.25,12.40PM,C-03-B,WO-270OC,0.1,,,,1.042,33,1.052,,232,272
02.09.25,12.40PM,C-01-B,ATO,0.23,,,,1.088,86,1.13,,252,360
02.09.25,06.00PM,P-01,WFO,58.5,2.55,16442,2.78,,,,,,
02.09.25,07.15PM,C-03-T,NO,85.33,4.38,2301,4.31,,,,,,
02.09.25,07.15PM,C-02-T,LCO,12.79,,,,0.983,32,0.993,,,
02.09.25,07.15PM,C-03-B,WO-270OC,0.04,,,,,,,,,
02.09.25,07.15PM,C-01-B,ATO,0.07,,,,,,,,,
03.09.25,12.40AM,C-03-T,NO,84.59,4.5,1810,4.74,,,,,,
03.09.25,12.40AM,C-02-T,LCO,11.02,,,,0.98,30,0.989,,,
03.09.25,12.40AM,C-03-B,WO-270OC,0.07,,,,1.037,40,1.052,,236,272
03.09.25,12.40AM,C-01-B,ATO,0.04,,,,1.086,86,1.128,,260,360
03.09.25,06.25AM,C-03-T,NO,85.65,3.88,1994,4.08,,,,,,
03.09.25,06.25AM,C-02-T,LCO,13.09,,,,0.98,35,0.992,,,
03.09.25,09.00AM,P-01,WFO,59.79,2.64,16271,2.83,1.018,49,1.038,0.2,104,360
03.09.25,01.00PM,C-03-T,NO,84.66,4.65,1592,4.93,,,,,,
03.09.25,01.00PM,C-02-T,LCO,12.61,,,,0.983,35,0.995,,,
03.09.25,01.00PM,C-03-B,WO-270OC,0.04,,,,1.04,48,1.059,,232,274
03.09.25,01.00PM,C-01-B,ATO,0.13,,,,1.094,83,1.134,,264,360
03.09.25,06.30PM,P-01,WFO,56.94,2.31,16499,2.59,,,,,,
03.09.25,08.10PM,C-03-T,NO,88.93,3.53,1419,3.8,,,,,,
03.09.25,08.10PM,C-02-T,LCO,12.25,,,,0.982,32,0.992,,,
03.09.25,08.10PM,C-03-B,WO-270OC,0.09,,,,,,,,,
03.09.25,08.10PM,C-01-B,ATO,0.18,,,,,,,,,
04.09.25,12.45AM,C-03-T,NO,86.04,4.19,1506,4.3,,,,,,
04.09.25,12.45AM,C-02-T,LCO,11.35,,,,0.983,30,0.992,,,
04.09.25,12.45AM,C-03-B,WO-270OC,0.1,,,,1.04,33,1.05,,234,276
04.09.25,12.45AM,C-01-B,ATO,0.13,,,,1.092,80,1.131,,270,360
04.09.25,07.20AM,C-03-T,NO,86.34,4.37,1626,4,,,,,,
04.09.25,07.20AM,C-02-T,LCO,11.65,,,,0.989,29,0.997,,,
04.09.25,8.30AM,P-01,WFO,54.42,2.19,15701,2.4,1.026,40,1.041,0.2,106,330
04.09.25,01.00PM,C-03-T,NO,86.57,4.27,1638,3.81,,,,,,
04.09.25,01.00PM,C-02-T,LCO,12.12,,,,0.984,32,0.994,,,
04.09.25,01.00PM,C-03-B,WO-270OC,0.04,,,,1.043,32,1.053,,234,274
04.09.25,01.00PM,C-01-B,ATO,0.14,,,,1.094,84,1.133,,266,360
04.09.25,07.00PM,P-01,WFO,56.84,2.31,15977,2.57,,,,,,
04.09.25,07.30PM,C-03-T,NO,88.32,3.1,1035,4.27,,,,,,
04.09.25,07.30PM,C-02-T,LCO,13.55,,,,0.974,41,0.989,,,
04.09.25,07.30PM,C-03-B,WO-270OC,0.04,,,,,,,,,
04.09.25,07.30PM,C-01-B,ATO,0.09,,,,,,,,,
05.09.25,12.25AM,C-03-T,NO,85.52,4.18,2216,4.36,,,,,,
05.09.25,12.25AM,C-02-T,LCO,11.28,,,,0.967,49,0.987,,,
05.09.25,12.25AM,C-03-B,WO-270OC,0.19,,,,1.033,45,1.051,,232,276
05.09.25,12.25AM,C-01-B,ATO,0.13,,,,1.088,86,1.13,,268,360
05.09.25,07.25AM,C-03-T,NO,85.92,4.03,2146,4.74,,,,,,
05.09.25,07.25AM,C-02-T,LCO,13.2,,,,0.98,32,0.99,,,
05.09.25,09.00AM,P-01,WFO,55.91,2.62,15328,2.37,1.026,46,1.044,0.2,96,324
05.09.25,02.00PM,C-03-T,NO,88.49,3.82,889,3.39,,,,,,
05.09.25,02.00PM,C-02-T,LCO,10.03,,,,0.985,34,0.996,,,
05.09.25,02.00PM,C-03-B,WO-270OC,1.03,,,,1.036,34,1.047,,234,272
05.09.25,02.00PM,C-01-B,ATO,0.05,,,,1.09,84,1.131,,260,360
05.09.25,05.20PM,P-01,WFO,54.79,2.31,15436,2.53,,,,,,
05.09.25,07.30PM,C-03-T,NO,87.3,3.61,1330,3.64,,,,,,
05.09.25,07.30PM,C-02-T,LCO,9.8,,,,0.981,36,0.993,,,
05.09.25,07.30PM,C-03-B,WO-270OC,0.46,,,,,,,,,
05.09.25,07.30PM,C-01-B,ATO,0.31,,,,,,,,,
06.09.25,12.25AM,C-03-T,NO,85.78,4.38,1406,4.45,,,,,,
06.09.25,12.25AM,C-02-T,LCO,11.04,,,,0.982,38,0.995,,,
06.09.25,12.25AM,C-03-B,WO-270OC,0.73,,,,1.032,40,1.047,,232,274
06.09.25,12.25AM,C-01-B,ATO,0.14,,,,1.092,78,1.129,,264,360
06.09.25,07.20AM,C-03-T,NO,86.67,3.87,2111,3.74,,,,,,
06.09.25,07.20AM,C-02-T,LCO,14.27,,,,0.985,36,0.997,,,
06.09.25,9.00AM,P-01,WFO,55.66,2.21,15936,2.55,1.03,40,1.045,0.2,98,330
06.09.25,12.15PM,C-03-T,NO,86.2,3.73,2161,3.91,,,,,,
06.09.25,12.15PM,C-02-T,LCO,11.39,,,,0.986,34,0.997,,,
06.09.25,12.15PM,C-03-B,WO-270OC,0.04,,,,1.04,38,1.053,,232,274
06.09.25,12.15PM,C-01-B,ATO,0.23,,,,,,,,1.092,76
06.09.25,6.00PM,P-01,WFO,57.04,2.28,15238,2.39,,,,,,
07.09.25,12.30AM,C-03-T,NO,87.18,3.94,1410,3.89,,,,,,
07.09.25,12.30AM,C-02-T,LCO,11.8,,,,0.985,33,0.995,,,
07.09.25,12.30AM,C-03-B,WO-270OC,0.03,,,,1.038,41,1.053,,234,276
07.09.25,12.30AM,C-01-B,ATO,0.09,,,,1.09,78,1.127,,260,360
07.09.25,7.20AM,C-03-T,NO,86.09,4.24,1900,4.04,,,,,,
07.09.25,7.20AM,C-02-T,LCO,12.61,,,,0.985,34,0.996,,,
07.09.25,8.30AM,P-01,WFO,56.44,2.34,14944,2.49,1.028,44,1.045,0.2,98,332
07.09.25,12.45PM,C-03-T,NO,86.5,4.34,1777,3.87,,,,,,
07.09.25,12.45PM,C-02-T,LCO,12.98,,,,0.985,35,0.997,,,
07.09.25,12.45PM,C-03-B,WO-270OC,0.04,,,,1.039,38,1.052,,234,276
07.09.25,12.45PM,C-01-B,ATO,0.07,,,,1.09,77,1.127,,272,360
07.09.25,5.30PM,P-01,WFO,55.3,2.16,14484,2.11,,,,,,
07.09.25,6.55PM,C-03-T,NO,88.01,4.13,1813,3.3,,,,,,
07.09.25,6.55PM,C-02-T,LCO,11.65,,,,0.984,35,0.996,,,
07.09.25,6.55PM,C-03-B,WO-270OC,0.02,,,,,,,,,
07.09.25,6.55PM,C-01-B,ATO,0.13,,,,,,,,,
08.09.25,12.20AM,C-03-T,NO,88.12,3.87,1394,3.52,,,,,,
08.09.25,12.20AM,C-02-T,LCO,13.57,,,,0.987,33,0.997,,,
08.09.25,12.20AM,C-03-B,WO-270OC,0.04,,,,1.043,31,1.052,,236,274
08.09.25,12.20AM,C-01-B,ATO,0.05,,,,1.088,81,1.128,,270,360
08.09.25,8.30AM,P-01,WFO,57.25,2.13,14099,2.04,1.03,45,1.048,0.2,100,328
08.09.25,12.30PM,C-03-T,NO,87.58,3.79,1128,4.12,,,,,,
08.09.25,12.30PM,C-02-T,LCO,11.32,,,,0.983,35,0.995,,,
08.09.25,12.30PM,C-03-B,WO-270OC,0.24,,,,1.038,40,1.053,,232,272
08.09.25,12.30PM,C-01-B,ATO,0.08,,,,1.092,79,1.13,,278,360
08.09.25,05.50PM,P-01,WFO,54.27,2.02,14147,1.96,,,,,,
09.09.25,12.20AM,C-03-T,NO,88.83,3.67,805,3.57,,,,,,
09.09.25,12.20AM,C-02-T,LCO,12.99,,,,0.984,33,0.994,,,
09.09.25,12.20AM,C-03-B,WO-270OC,3.14,,,,1.031,43,1.047,,230,272
09.09.25,12.20AM,C-01-B,ATO,0.13,,,,1.09,80,1.129,,264,360
09.09.25,03.15AM,C-03-B,WO-270OC,2.11,,,,,,,,,
09.09.25,06.30AM,C-03-T,NO,89.31,3.78,1155,3.15,,,,,,
09.09.25,06.30AM,C-02-T,LCO,12.73,,,,0.986,30,0.995,,,
09.09.25,06.30AM,C-03-B,WO-270OC,0.31,,,,1.042,32,1.051,,236,278
09.09.25,06.30AM,C-01-B,ATO,0.09,,,,,,,,,
09.09.25,09.00AM,P-01,WFO,55.43,2.1,13571,1.86,1.032,43,1.048,0.2,100,332
09.09.25,12.50PM,C-03-T,NO,89.83,2.69,620,3.3,,,,,,
09.09.25,12.50PM,C-02-T,LCO,10.69,,,,0.98,36,0.992,,,
09.09.25,12.50PM,C-03-B,WO-270OC,3.07,,,,1.035,35,1.047,,224,274
09.09.25,12.50PM,C-01-B,ATO,0.19,,,,1.088,84,1.129,,272,360
09.09.25,06.50PM,C-03-T,NO,89.04,4.31,1324,2.93,,,,,,
09.09.25,06.50PM,C-02-T,LCO,13.75,,,,0.986,33,0.996,,,
09.09.25,06.50PM,C-03-B,WO-270OC,0.13,,,,,,,,,
09.09.25,06.50PM,C-01-B,ATO,0.07,,,,,,,,,
09.09.25,07.00PM,P-01,WFO,54.95,2.13,13456,2.08,,,,,,
10.09.25,12.40AM,C-03-T,NO,86.12,4.57,2698,3.71,,,,,,
10.09.25,12.40AM,C-02-T,LCO,10.83,,,,0.983,30,0.992,,,
10.09.25,12.40AM,C-03-B,WO-270OC,0.11,,,,1.042,33,1.05,,234,278
10.09.25,12.40AM,C-01-B,ATO,0.09,,,,1.09,86,1.132,,274,360
10.09.25,09.00AM,P-01,WFO,51.22,2.49,13082,2.48,1.032,45,1.05,0.2,94,340
10.09.25,01.00PM,C-03-T,NO,88.37,3.64,945,3.84,,,,,,
10.09.25,01.00PM,C-03-B,WO-270OC,0.24,,,,1.036,35,1.048,,232,270
10.09.25,01.00PM,C-01-B,ATO,0.36,,,,1.086,84,1.127,,276,360
10.09.25,06.00PM,P-01,WFO,54.29,2.24,13512,2.43,,,,,,
11.09.25,12.20AM,C-03-T,NO,85.12,4.42,1786,3.99,,,,,,
11.09.25,12.20AM,C-02-T,LCO,9.7,,,,0.98,36,0.992,,,
11.09.25,12.20AM,C-03-B,WO-270OC,0.02,,,,1.034,36,1.046,,234,272
11.09.25,12.20AM,C-01-B,ATO,0.06,,,,1.088,84,1.129,,274,360
11.09.25,09.00AM,P-01,WFO,46.48,2.22,13786,2.09,1.034,45,1.052,0.2,102,340
11.09.25,12.50PM,C-03-T,NO,88.06,3.12,1649,3.95,,,,,,
11.09.25,12.50PM,C-02-T,LCO,12.75,,,,0.982,38,0.995,,,
11.09.25,12.50PM,C-03-B,WO-270OC,0.01,,,,1.035,40,1.05,,238,272
11.09.25,12.50PM,C-01-B,ATO,0.08,,,,1.092,80,1.131,,282,360
11.09.25,07.00PM,P-01,WFO,46.76,1.78,14045,2.14,,,,,,
12.09.25,12.20AM,C-03-T,NO,85.89,3.46,9630,3.6,,,,,,
12.09.25,12.20AM,C-02-T,LCO,15.51,,,,0.981,36,0.993,,,
12.09.25,12.20AM,C-03-B,WO-270OC,0.02,,,,1.033,45,1.048,,236,274
12.09.25,12.20AM,C-01-B,ATO,0.15,,,,1.088,84,1.129,,276,360
12.09.25,09.00AM,P-01,WFO,51.01,2.32,13108,2.69,1.024,53,1.046,0.2,94,336
12.09.25,12.30PM,C-03-T,NO,86.15,3.98,2208,3.84,,,,,,
12.09.25,12.30PM,C-02-T,LCO,13.75,,,,0.983,32,0.993,,,
12.09.25,01.00PM,C-03-B,WO-300OC,0.01,,,,1.039,44,1.056,,242,286
12.09.25,01.00PM,C-01-B,ATO,0.05,,,,1.09,80,1.129,,278,360
12.09.25,07.00PM,P-01,WFO,51.15,2.34,14212,2.78,,,,,,
12.09.25,07.00PM,C-03-T,NO,84.47,3.77,2277,4.44,,,,,,
12.09.25,07.00PM,C-02-T,LCO,13.53,,,,0.984,32,0.994,,,
12.09.25,07.00PM,C-03-B,WO-300OC,0.11,,,,,,,,,
12.09.25,07.00PM,C-01-B,ATO,0.55,,,,,,,,,
13.09.25,03.10AM,C-03-T,NO,84.43,3.99,1767,4.57,,,,,,
13.09.25,03.10AM,C-02-T,LCO,10.64,,,,0.982,31,0.991,,,
13.09.25,03.10AM,C-03-B,WO-300OC,0.16,,,,1.043,36,1.055,,240,290
13.09.25,03.10AM,C-01-B,ATO,0.26,,,,1.088,82,1.128,,274,360
13.09.25,7.40AM,C-03-T,NO,84.33,4.1,2035,4.66,,,,,,
13.09.25,7.40AM,C-02-T,LCO,10.05,,,,0.984,34,0.995,,,
13.09.25,9.00AM,P-01,WFO,56.34,2.53,13898,2.62,1.033,40,1.048,,104,340
13.09.25,12.30PM,C-03-T,NO,86.28,4.03,2415,3.61,,,,,,
13.09.25,12.30PM,C-02-T,LCO,9.3,,,,0.985,36,0.997,,,
13.09.25,12.30PM,C-03-B,WO-300OC,0.08,,,,1.05,35,1.062,,240,282
13.09.25,12.30PM,C-01-B,ATO,0.29,,,,,,,,,
13.09.25,9.30PM,P-01,WFO,54.81,2.41,14314,2.69,,,,,,
13.09.25,7.30PM,C-03-T,NO,85.43,3.65,2304,3.75,,,,,,
13.09.25,7.30PM,C-02-T,LCO,8.5,,,,0.982,38,0.995,,,
13.09.25,7.30PM,C-03-B,WO-300OC,0.08,,,,,,,,,
13.09.25,7.30PM,C-01-B,ATO,0.06,,,,,,,,,
14.09.25,4.20AM,C-03-T,NO,87.62,3.29,1530,3.83,,,,,,
14.09.25,4.20AM,C-02-T,LCO,11.63,,,,0.98,42,0.996,,,
14.09.25,4.20AM,C-03-B,WO-300OC,0.07,,,,,,,,,
14.09.25,4.20AM,C-01-B,ATO,0.11,,,,,,,,,
14.09.25,9.00AM,P-01,WFO,56.13,2.32,12822,2.48,,,,,,
14.09.25,12.20PM,C-03-T,NO,87.66,3.52,1536,3.75,,,,,,
14.09.25,12.20PM,C-02-T,LCO,9.43,,,,0.986,35,0.998,,,
14.09.25,12.20PM,C-03-B,WO-300OC,0.06,,,,,,,,,
14.09.25,12.20PM,C-01-B,ATO,0.57,,,,,,,,,
14.09.25,7.10PM,C-03-T,NO,86.84,3.82,1881,3.72,,,,,,
14.09.25,7.10PM,C-02-T,LCO,9.91,,,,0.983,36,0.995,,,
14.09.25,7.10PM,C-03-B,WO-300OC,0.05,,,,,,,,,
14.09.25,7.10PM,C-01-B,ATO,0.14,,,,,,,,,
14.09.25,7.00PM,P-01,WFO,52.85,2.12,14026,2.33,,,,,,
15.09.25,4.45AM,C-03-T,NO,86.65,3.59,1570,4.19,,,,,,
15.09.25,4.45AM,C-02-T,LCO,9.24,,,,0.984,36,0.996,,,
15.09.25,4.45AM,C-03-B,WO-300OC,0.13,,,,,,,,,
15.09.25,4.45AM,C-01-B,ATO,0,,,,,,,,,
15.09.25,8.30AM,P-01,WFO,57.01,2.3,12261,2.25,,,,,,
15.09.25,12.25PM,C-03-T,NO,86.58,3.66,1157,3.24,,,,,,
15.09.25,12.25PM,C-02-T,LCO,13.14,,,,0.98,35,0.992,,,
15.09.25,12.25PM,C-03-B,WO-300OC,0.17,,,,,,,,,
15.09.25,12.25PM,C-01-B,ATO,0.12,,,,,,,,,
15.09.25,7.30PM,P-01,WFO,53.17,1.93,13247,2.04,,,,,,
16.09.25,02.50AM,C-03-T,NO,89.12,3.17,1051,3.43,,,,,,
16.09.25,02.50AM,C-02-T,LCO,12.86,,,,0.986,32,0.996,,,
16.09.25,02.50AM,C-03-B,WO-300OC,1.03,,,,1.05,30,1.059,,238,292
16.09.25,02.50AM,C-01-B,ATO,0.01,,,,1.092,81,1.131,,272,360
16.09.25,04.30AM,C-03-B,WO-300OC,0.82,,,,,,,,,
16.09.25,06.30AM,C-03-T,NO,84.14,3.8,1148,3.29,,,,,,
16.09.25,06.30AM,C-02-T,LCO,13.49,,,,0.984,30,0.993,,,
16.09.25,06.30AM,C-03-B,WO-300OC,0.72,,,,,,,,,
16.09.25,06.30AM,C-01-B,ATO,0.12,,,,,,,,,
16.09.25,09.00AM,P-01,WFO,54.27,1.99,13199,2.02,1.029,49,1.049,0.2,94,356
16.09.25,01.00PM,C-03-T,NO,89.78,3.34,2003,2.6,,,,,,
16.09.25,01.00PM,C-02-T,LCO,12.13,,,,0.98,32,0.99,,,
16.09.25,01.00PM,C-03-B,WO-300OC,0.18,,,,1.047,37,1.06,,242,286
16.09.25,01.00PM,C-01-B,ATO,0.43,,,,1.092,80,1.131,,274,360
16.09.25,11.45PM,P-01,WFO,53.32,2.1,12469,2.23,,,,,,
16.09.25,11.45PM,C-03-T,NO,88.49,3.21,1133,3.45,,,,,,
16.09.25,11.45PM,C-02-T,LCO,11.82,,,,0.976,37,0.989,,,
16.09.25,11.45PM,C-03-B,WO-300OC,1.06,,,,1.034,46,1.052,,234,296
16.09.25,11.45PM,C-01-B,ATO,0.12,,,,1.094,78,1.135,,274,360
17.09.25,07.45AM,C-03-T,NO,84.22,4.33,2315,4.72,,,,,,
17.09.25,07.45AM,C-02-T,LCO,15,,,,0.981,30,0.99,,,
17.09.25,07.45AM,C-03-B,WO-300OC,0.73,,,,,,,,,
17.09.25,07.45AM,C-01-B,ATO,0.12,,,,,,,,,
17.09.25,8.50AM,P-01,WFO,57.46,2.01,12291,2.01,1.028,47,1.047,0.1,86,338
17.09.25,5.00PM,P-01,WFO,60.73,2.31,11192,2.13,,,,,,
17.09.25,9.20PM,C-03-T,NO,90.45,3.25,1342,2.33,,,,,,
17.09.25,9.20PM,C-02-T,LCO,12.54,,,,0.981,36,0.993,,,
17.09.25,9.20PM,C-03-B,WO-300OC,0.05,,,,,,,,,
17.09.25,9.20PM,C-01-B,ATO,0.05,,,,,,,,,
18.09.25,6.55AM,C-03-T,NO,87.39,4.08,1680,3.37,,,,,,
18.09.25,6.55AM,C-02-T,LCO,10.73,,,,0.98,37,0.993,,,
18.09.25,6.55AM,C-03-B,WO-300OC,0.02,,,,1.046,36,1.058,,236,292
18.09.25,6.55AM,C-01-B,ATO,0.06,,,,1.09,78,1.127,,276,360
18.09.25,8.30AM,P-01,WFO,52.37,2.09,11408,1.86,1.03,44,1.047,0.1,98,254
18.09.25,1.10PM,C-03-T,NO,89.85,3.22,2987,2.48,,,,,,
18.09.25,1.10PM,C-02-T,LCO,11.22,,,,0.98,34,0.991,,,
18.09.25,1.10PM,C-03-B,WO-300OC,0.01,,,,1.042,42,1.058,,246,298
18.09.25,1.10PM,C-01-B,ATO,0.18,,,,1.09,79,1.128,,266,360
18.09.25,5.30PM,P-01,WFO,53.73,1.82,14430,1.8,,,,,,
19.09.25,12.15AM,C-03-T,NO,89.2,3.19,1775,2.82,,,,,,
19.09.25,12.15AM,C-02-T,LCO,12.36,,,,0.982,33,0.992,,,
19.09.25,12.15AM,C-03-B,WO-300OC,0.14,,,,1.048,33,1.058,,240,296
19.09.25,12.15AM,C-01-B,ATO,0.07,,,,1.088,84,1.129,,274,360
19.09.25,6.25AM,C-03-T,NO,89.01,3.93,1313,2.96,,,,,,
19.09.25,6.25AM,C-02-T,LCO,10.75,,,,0.979,37,0.992,,,
19.09.25,6.25AM,C-03-B,WO-300OC,0.04,,,,,,,,,
19.09.25,6.25AM,C-01-B,ATO,0.07,,,,,,,,,
19.09.25,8.50AM,P-01,WFO,57.97,2.54,13605,2.27,1.036,37,1.049,0.2,94,353
19.09.25,12.10PM,C-03-T,NO,89.95,3.81,1576,2.25,,,,,,
19.09.25,12.10PM,C-02-T,LCO,11.75,,,,0.98,35,0.992,,,
19.09.25,12.10PM,C-03-B,WO-300OC,0.12,,,,1.04,41,1.055,,238,300
19.09.25,12.10PM,C-01-B,ATO,0.1,,,,1.09,82,1.13,,242,360
19.09.25,06.20PM,C-03-T,NO,88.53,3.9,1080,3.4,,,,,,
19.09.25,06.20PM,C-02-T,LCO,11,,,,0.981,34,0.992,,,
19.09.25,06.20PM,C-03-B,WO-300OC,0.03,,,,,,,,,
19.09.25,06.20PM,C-01-B,ATO,0.06,,,,,,,,,
19.09.25,06.00PM,P-01,WFO,52.84,2.27,12373,2.05,,,,,,
19.09.25,11.55PM,C-03-T,NO,88.26,3.43,1459,3.1,,,,,,
19.09.25,11.55PM,C-02-T,LCO,10.09,,,,0.983,35,0.995,,,
19.09.25,11.55PM,C-03-B,WO-300OC,0.04,,,,1.047,35,1.059,,240,288
19.09.25,11.55PM,C-01-B,ATO,0.29,,,,1.09,78,1.127,,272,360
20.09.25,09.30AM,P-01,WFO,50.8,1.91,12157,1.98,1.038,42,1.054,0.2,104,326
20.09.25,6.00PM,P-01,WFO,52.61,2.39,12070,2.01,,,,,,
21.09.25,2.15AM,C-03-T,NO,89.47,4.09,1366,2.61,,,,,,
21.09.25,2.15AM,C-03-B,WO-300OC,0.01,,,,1.045,37,1.058,,238,286
21.09.25,3.30AM,C-01-B,ATO,0.19,,,,,,,,,
21.09.25,3.30AM,C-02-T,LCO,20.44,,,,0.981,35,0.993,,,
21.09.25,6.20AM,C-02-T,LCO,12.33,,,,0.979,35,0.991,,,
21.09.25,8.45AM,P-01,WFO,53.79,1.73,12413,1.65,1.038,35,1.05,0.2,98,342
21.09.25,1.40PM,C-03-T,NO,90.89,2.69,661,3.2,,,,,,
21.09.25,1.40PM,C-02-T,LCO,11.31,,,,0.98,36,0.992,,,
21.09.25,1.40PM,C-03-B,WO-300OC,8.68,,,,1.035,46,1.053,,230,306
21.09.25,1.40PM,C-01-B,ATO,0.11,,,,1.09,83,1.13,,264,306
21.09.25,3.10PM,C-03-B,WO-300OC,5.12,,,,,,,,,
21.09.25,5.10PM,C-03-B,WO-300OC,2.16,,,,,,,,,
21.09.25,5.10PM,C-01-B,ATO,0.06,,,,,,,,,
21.09.25,5.15PM,P-01,WFO,55.18,1.66,12310,1.46,,,,,,
21.09.25,11.40PM,C-03-T,NO,90.15,3.59,1045,2.95,,,,,,
21.09.25,11.40PM,C-02-T,LCO,8.68,,,,0.981,36,0.993,,,
21.09.25,11.40PM,C-03-B,WO-300OC,0.38,,,,1.033,44,1.05,,236,288
21.09.25,11.40PM,C-01-B,ATO,0.07,,,,1.088,83,1.128,,276,360
22.09.25,6.00AM,C-03-T,NO,91.66,3.38,1129,2.16,,,,,,
22.09.25,6.00AM,C-02-T,LCO,10.92,,,,0.976,38,0.989,,,
22.09.25,8.50AM,P-01,WFO,55.36,1.59,11679,1.35,1.031,44,1.048,0.2,98,342
22.09.25,02.25PM,C-03-T,NO,90.99,3.53,1399,2.08,,,,,,
22.09.25,02.25PM,C-02-T,LCO,13.87,,,,0.986,35,0.998,,,
22.09.25,02.25PM,C-03-B,WO-300OC,0.03,,,,1.043,40,1.058,,240,300
22.09.25,02.25PM,C-01-B,ATO,0.06,,,,1.088,90,1.133,,276,360
22.09.25,08.00PM,P-01,WFO,54.47,2.28,12026,2.21,,,,,,
22.09.25,08.20PM,C-03-T,NO,85.66,2.96,786,3.17,,,,,,
22.09.25,08.20PM,C-02-T,LCO,11.35,,,,0.996,31,1.005,,,
22.09.25,10.30PM,C-02-T,LCO,44.47,,,,0.99,30,0.999,,,
22.09.25,01.35PM,C-03-T,NO,89.05,3.69,760,2.61,,,,,,
22.09.25,01.35PM,C-03-B,WO-300OC,0.13,,,,1.04,44,1.057,,236,290
23.09.25,06.50AM,C-03-T,NO,90.08,4.23,1360,2.59,,,,,,
23.09.25,06.50AM,C-02-T,LCO,8.44,,,,0.986,34,0.997,,,
23.09.25,06.50AM,C-03-B,WO-300OC,0.02,,,,,,,,,
23.09.25,06.50AM,C-01-B,ATO,0.02,,,,,,,,,
23.09.25,09.00AM,P-01,WFO,60,1.93,10830,1.66,1.061,43,1.077,0.2,98,340
23.09.25,7.00PM,P-01,WFO,61.62,1.94,11498,1.52,,,,,,
24.09.25,06.20PM,P-01,WFO,58.17,1.89,12336,1.7,,,,,,
25.09.25,03.55AM,C-03-T,NO,88.5,4.35,9753,1.58,,,,,,
25.09.25,03.55AM,C-02-T,LCO,19.69,,,,0.989,33,0.999,,,
25.09.25,03.55AM,C-03-B,WO-300OC,0.5,,,,1.051,38,1.064,,234,284
25.09.25,03.55AM,C-01-B,ATO,0.18,,,,1.086,90,1.131,,268,360
25.09.25,07.55AM,C-02-T,LCO,13.17,,,,0.986,32,0.996,,,
25.09.25,07.55AM,C-03-B,WO-300OC,0.04,,,,1.06,31,1.069,,224,296
25.09.25,09.00AM,P-01,WFO,56.53,1.74,12630,1.75,1.038,41,1.058,0.2,98,342
25.09.25,02.30PM,C-03-T,NO,89.24,3.02,4402,3.46,,,,,,
25.09.25,02.30PM,C-02-T,LCO,11.42,,,,0.99,29,0.998,,,
25.09.25,02.30PM,C-03-B,WO-300OC,0.01,,,,1.04,33,1.05,,240,290
25.09.25,02.30PM,C-01-B,ATO,0.2,,,,1.091,80,1.13,,278,360
25.09.25,06.00PM,P-01,WFO,59.7,2.05,11034,1.63,,,,,,
25.09.25,07.30PM,C-03-T,NO,89.49,3.81,3383,2.92,,,,,,
25.09.25,07.30PM,C-02-T,LCO,9.81,,,,0.991,28,0.998,,,
26.09.25,01.15AM,C-03-T,NO,88.5,3.08,9369,2.7,,,,,,
26.09.25,01.15AM,C-02-T,LCO,9.57,,,,0.992,27,0.999,,,
26.09.25,01.15AM,C-03-B,WO-300OC,0.02,,,,1.051,32,1.061,,242,292
26.09.25,01.15AM,C-01-B,ATO,0.12,,,,1.092,78,1.129,,280,360
26.09.25,09.00AM,P-01,WFO,56.78,1.97,12428,1.95,1.028,52,1.05,0.2,100,360
26.09.25,01.00PM,C-03-T,NO,89.9,2.96,1922,3.21,,,,,,
26.09.25,01.00PM,C-02-T,LCO,15.57,,,,0.993,32,1.003,,,
26.09.25,01.00PM,C-03-B,WO-300OC,0.5,,,,1.04,52,1.062,,220,290
26.09.25,01.00PM,C-01-B,ATO,0.09,,,,1.092,78,1.129,,270,360
26.09.25,07.00PM,P-01,WFO,53.75,2.3,12523,1.98,,,,,,
26.09.25,07.00PM,C-03-T,NO,89.93,3.52,2372,2.51,,,,,,
26.09.25,07.00PM,C-02-T,LCO,12.81,,,,0.973,49,0.993,,,
27.09.25,01.35AM,C-03-T,NO,88.75,3.34,3540,3.21,,,,,,
27.09.25,01.35AM,C-02-T,LCO,13.12,,,,0.976,48,0.995,,,
27.09.25,01.35AM,C-03-B,WO-300OC,0.01,,,,1.05,34,1.061,,240,286
27.09.25,01.35AM,C-01-B,ATO,0.07,,,,1.088,86,1.13,,274,360
27.09.25,07.45AM,C-03-T,NO,91.3,3.02,1324,2.41,,,,,,
27.09.25,07.45AM,C-02-T,LCO,13.52,,,,0.985,34,0.996,,,
27.09.25,09.50AM,C-03-B,WO-270OC,0.01,,,,1.04,37,1.053,,234,282
27.09.25,09.50AM,P-01,WFO,56.34,1.95,12665,2.06,,,,,,
27.09.25,01.00PM,C-03-T,NO,88.97,4.1,1227,3.19,,,,,,
27.09.25,01.00PM,C-02-T,LCO,14.93,,,,0.98,39,0.994,,,
27.09.25,01.00PM,C-03-B,WO-270OC,0.01,,,,1.041,37,1.054,,240,278
27.09.25,01.00PM,C-01-B,ATO,0.06,,,,1.087,75,1.123,,290,360
27.09.25,07.15PM,C-03-T,NO,89.45,3.1,1282,3.27,,,,,,
27.09.25,07.15PM,C-02-T,LCO,15.75,,,,0.982,35,0.994,,,
27.09.25,06.45PM,P-01,WFO,56.53,1.76,12635,1.76,,,,,,
27.09.25,11.40PM,C-03-T,NO,89.1,3.99,1385,3.03,,,,,,
27.09.25,11.40PM,C-02-T,LCO,12.74,,,,0.986,34,0.997,,,
27.09.25,11.40PM,C-03-B,WO-270OC,0.04,,,,1.033,34,1.044,,236,278
27.09.25,11.40PM,C-01-B,ATO,0.07,,,,1.088,78,1.125,,280,360
28.09.25,06.45AM,C-03-T,NO,89.72,2.92,1131,3.35,,,,,,
28.09.25,06.45AM,C-02-T,LCO,16.82,,,,0.988,36,1,,,
28.09.25,09.00AM,P-01,WFO,50.21,1.78,11780,1.8,1.036,35,1.148,0.2,96,342
28.09.25,12.15PM,C-03-T,NO,89.92,2.95,1132,3.19,,,,,,
28.09.25,12.15PM,C-02-T,LCO,13.06,,,,0.985,37,0.998,,,
28.09.25,12.15PM,C-03-B,WO-270OC,0.02,,,,1.05,33,1.05,,232,274
28.09.25,12.15PM,C-01-B,ATO,0.1,,,,1.09,80,1.129,,284,360
28.09.25,07.00PM,P-01,WFO,53.93,1.78,12160,1.95,,,,,,
28.09.25,07.40PM,C-03-T,NO,90.14,2.88,4963,2.75,,,,,,
28.09.25,07.40PM,C-02-T,LCO,13.52,,,,0.987,35,0.999,,,
29.09.25,01.45AM,C-03-T,NO,89.77,3.1,1453,2.97,,,,,,
29.09.25,01.45AM,C-02-T,LCO,12.19,,,,0.983,39,0.997,,,
29.09.25,01.45AM,C-03-B,WO-270OC,0.01,,,,1.036,38,1.049,,234,274
29.09.25,01.45AM,C-01-B,ATO,0.1,,,,1.088,81,1.127,,280,360
29.09.25,07.50AM,C-03-T,NO,90.21,3.42,956,2.97,,,,,,
29.09.25,07.50AM,C-02-T,LCO,17.36,,,,0.982,33,0.992,,,
29.09.25,09.00AM,P-01,WFO,51.46,2,12887,2.25,1.038,42,1.054,0.2,94,354
29.09.25,12.00PM,C-03-T,NO,88.58,3.79,1867,2.99,,,,,,
29.09.25,12.00PM,C-02-T,LCO,17.36,,,,0.986,32,0.996,,,
29.09.25,12.00PM,C-03-B,WO-270OC,0.01,,,,1.04,33,1.05,,242,276
29.09.25,12.00PM,C-01-B,ATO,0.15,,,,1.077,95,1.125,,278,360
29.09.25,07.00PM,P-01,WFO,51.14,1.94,11898,2.1,,,,,,
29.09.25,08.00PM,C-03-T,NO,87.5,3.28,5128,3.38,,,,,,
29.09.25,08.00PM,C-02-T,LCO,12.31,,,,0.985,33,0.995,,,
30.09.25,02.00AM,C-03-T,NO,86.75,3.89,1358,4.11,,,,,,
30.09.25,02.00AM,C-02-T,LCO,11.58,,,,0.984,31,0.993,,,
30.09.25,02.00AM,C-03-B,WO-270OC,0.05,,,,1.04,30,1.049,,240,278
30.09.25,02.00AM,C-01-B,ATO,0.13,,,,1.084,84,1.125,,272,360
30.09.25,07.15AM,C-03-T,NO,88.04,3.8,1329,3.59,,,,,,
30.09.25,07.15AM,C-02-T,LCO,9.94,,,,0.981,36,0.993,,,
30.09.25,09.00AM,P-01,WFO,54.54,2.48,12282,2.4,1.032,42,1.048,0.2,110,342
30.09.25,12.45PM,C-03-T,NO,87.59,3.43,1622,3.55,,,,,,
30.09.25,12.45PM,C-02-T,LCO,10.87,,,,0.987,33,0.997,,,
30.09.25,12.45PM,C-03-B,WO-270OC,0.03,,,,1.031,40,1.046,,240,280
30.09.25,12.45PM,C-01-B,ATO,0.08,,,,1.08,84,1.121,,280,360
30.09.25,06.10PM,P-01,WFO,55.96,2.29,11274,2.5,,,,,,
30.09.25,07.40PM,C-03-T,NO,86.9,3.38,1532,4.03,,,,,,
30.09.25,07.40PM,C-02-T,LCO,13.23,,,,0.985,32,0.995,,,
01.10.25,01.25AM,C-03-T,NO,85.09,3.79,2013,4.15,,,,,,
01.10.25,01.25AM,C-02-T,LCO,11.08,,,,0.987,31,0.996,,,
01.10.25,01.25AM,C-03-B,WO-270OC,0.02,,,,1.039,32,1.049,,242,278
01.10.25,01.25AM,C-01-B,ATO,0.18,,,,1.086,80,1.125,,278,360
01.10.25,07.30AM,C-03-T,NO,88.45,3.25,1215,3.51,,,,,,
01.10.25,07.30AM,C-02-T,LCO,13.25,,,,0.986,32,0.996,,,
01.10.25,9.00AM,P-01,WFO,56.24,2.35,11599,2.63,,,,,,
01.10.25,10.00AM,C-03-B,WO-270OC,0.02,,,,1.03,47,1.049,,238,268
01.10.25,1.00PM,C-03-T,NO,86.49,3.63,1912,3.66,,,,,,
01.10.25,1.00PM,C-02-T,LCO,11.15,,,,0.985,35,0.997,,,
01.10.25,1.00PM,C-01-B,ATO,0.5,,,,,,,,,
01.10.25,6.00PM,P-01,WFO,57.91,2.34,11753,2.52,,,,,,
02.10.25,1.20AM,C-03-T,NO,86.42,3.57,1780,3.79,,,,,,
02.10.25,1.20AM,C-02-T,LCO,9.78,,,,0.983,36,0.995,,,
02.10.25,1.20AM,C-03-B,WO-270OC,0.04,,,,1.04,29,1.048,,240,272
02.10.25,1.20AM,C-01-B,ATO,0.38,,,,1.092,79,1.13,,272,360
02.10.25,7.45AM,C-03-T,NO,87.05,3.41,1606,3.8,,,,,,
02.10.25,7.45AM,C-02-T,LCO,9.75,,,,0.98,38,0.993,,,
02.10.25,9.15AM,P-01,WFO,58.4,2.41,11631,2.5,1.03,42,1.046,0.2,98,350
02.10.25,3.10PM,C-03-T,NO,83.99,3.44,1425,5.61,,,,,,
02.10.25,3.10PM,C-02-T,LCO,11.47,,,,0.985,35,0.997,,,
02.10.25,3.10PM,C-03-B,WO-270OC,0.63,,,,1.03,43,1.046,,234,272
02.10.25,3.10PM,C-01-B,ATO,0.42,,,,1.08,88,1.123,,270,360
02.10.25,5.40PM,P-01,WFO,60.04,2.38,11762,2.47,,,,,,
02.10.25,11.20PM,C-03-T,NO,86.76,3.89,2295,3.27,,,,,,
02.10.25,11.20PM,C-02-T,LCO,9.85,,,,0.982,37,0.995,,,
02.10.25,11.20PM,C-03-B,WO-270OC,0.04,,,,1.033,40,1.048,,236,274
02.10.25,11.20PM,C-01-B,ATO,0.32,,,,1.086,80,1.125,,272,360
03.10.25,8.00AM,C-03-T,NO,85.93,3.25,7044,3.78,,,,,,
03.10.25,8.00AM,C-02-T,LCO,11.84,,,,0.984,36,0.996,,,
03.10.25,8.00AM,C-03-B,WO-270OC,0.01,,,,,,,,,
03.10.25,8.00AM,C-01-B,ATO,0.24,,,,,,,,,
03.10.25,9.00AM,P-01,WFO,61.94,2.27,11855,2.44,1.036,38,1.049,0.2,120,340
03.10.25,1.30PM,C-03-T,NO,86.63,3.4,2264,3.99,,,,,,
03.10.25,1.30PM,C-02-T,LCO,10.62,,,,0.985,35,0.997,,,
03.10.25,1.30PM,C-03-B,WO-270OC,0.02,,,,1.029,38,1.042,,232,264
03.10.25,1.30PM,C-01-B,ATO,0.25,,,,1.088,82,1.128,,280,360
03.10.25,5.10PM,P-01,WFO,58.57,2.39,11256,2.54,,,,,,
03.10.25,7.50PM,C-03-T,NO,85.76,4.14,2231,4.66,,,,,,
03.10.25,7.50PM,C-02-T,LCO,12.46,,,,0.984,36,0.996,,,
04.10.25,12.35AM,C-03-T,NO,87.75,3.38,1510,3.76,,,,,,
04.10.25,12.35AM,C-02-T,LCO,12.67,,,,0.985,36,0.997,,,
04.10.25,12.35AM,C-03-B,WO-270OC,0.01,,,,1.03,36,1.042,,234,268
04.10.25,12.35AM,C-01-B,ATO,0.54,,,,1.09,81,1.129,,272,360
04.10.25,7.40AM,C-03-T,NO,87,3.5,2551,2.9,,,,,,
04.10.25,7.40AM,C-02-T,LCO,12.07,,,,0.983,37,0.996,,,
04.10.25,8.40AM,P-01,WFO,60.77,2.35,11810,2.56,1.034,40,1.049,0.2,212,340
04.10.25,12.20PM,C-03-T,NO,86.36,3.98,2093,4.38,,,,,,
04.10.25,12.20PM,C-02-T,LCO,11.31,,,,0.981,38,0.994,,,
04.10.25,12.20PM,C-03-B,WO-270OC,0.04,,,,1.025,40,1.04,,238,264
04.10.25,12.20PM,C-01-B,ATO,0.13,,,,1.088,74,1.123,,270,360
05.10.25,12.40AM,C-03-T,NO,88.6,3.05,2250,3.26,,,,,,
05.10.25,12.40AM,C-02-T,LCO,14.25,,,,0.983,34,0.994,,,
05.10.25,12.40AM,C-03-B,WO-270OC,1.78,,,,1.03,38,1.043,,232,270
05.10.25,12.40AM,C-01-B,ATO,0.07,,,,1.09,70,1.123,,266,360
05.10.25,06.30AM,C-03-T,NO,87.39,3.9,2388,4.27,,,,,,
05.10.25,06.30AM,C-02-T,LCO,10.72,,,,0.982,33,0.992,,,
05.10.25,06.30AM,C-03-B,WO-270OC,0.49,,,,,,,,,
04.10.25,06.30PM,P-01,WFO,56.44,2.18,11591,2.56,,,,,,
05.10.25,08.50AM,P-01,WFO,55.95,2.21,12844,2.75,1.035,41,1.05,0.2,104,352
05.10.25,01.20PM,C-03-T,NO,86.75,3.81,1451,3.57,,,,,,
05.10.25,01.20PM,C-02-T,LCO,14.25,,,,0.98,32,0.99,,,
05.10.25,01.20PM,C-03-B,WO-270OC,0.02,,,,1.034,29,1.042,,236,278
05.10.25,01.20PM,C-01-B,ATO,0.37,,,,1.088,76,1.124,,272,360
05.10.25,05.10PM,P-01,WFO,58.39,2.07,13451,0.07,,,,,,
06.10.25,12.40AM,C-03-T,NO,86.18,3.58,2306,3.58,,,,,,
06.10.25,12.40AM,C-02-T,LCO,11,,,,0.982,30,0.991,,,
06.10.25,12.40AM,C-03-B,WO-270OC,0.03,,,,1.034,31,1.043,,234,274
06.10.25,12.40AM,C-01-B,ATO,0.19,,,,1.09,77,1.127,,274,360
06.10.25,06.50AM,C-03-T,NO,86.55,3.44,1825,4.2,,,,,,
06.10.25,06.50AM,C-02-T,LCO,14.01,,,,0.984,31,0.993,,,
06.10.25,08.30AM,P-01,WFO,51.27,2.16,13262,1.3,1.021,52,1.043,0.2,110,326
06.10.25,12.30PM,C-03-T,NO,87.25,4.04,1668,3.63,,,,,,
06.10.25,12.30PM,C-02-T,LCO,13.43,,,,0.981,30,0.99,,,
06.10.25,12.30PM,C-03-B,WO-270OC,0.12,,,,1.03,38,1.043,,240,268
06.10.25,12.30PM,C-01-B,ATO,0.57,,,,1.085,73,1.119,,270,360
06.10.25,05.10PM,P-01,WFO,55.6,2.16,11131,2.3,,,,,,
06.10.25,07.15PM,C-03-T,NO,91.29,3.11,1889,1.42,,,,,,
06.10.25,07.15PM,C-02-T,LCO,12.82,,,,0.982,31,0.991,,,
07.10.25,12.20AM,C-03-T,NO,91,3.04,1974,1.34,,,,,,
07.10.25,12.20AM,C-02-T,LCO,12.58,,,,0.983,32,0.993,,,
07.10.25,12.20AM,C-03-B,WO-270OC,0.03,,,,1.033,33,1.043,,236,272
07.10.25,12.20AM,C-01-B,ATO,0.22,,,,,,,,,
07.10.25,06.50AM,C-03-T,NO,87.34,3.68,1325,4.33,,,,,,
07.10.25,06.50AM,C-02-T,LCO,16.39,,,,0.987,30,0.996,,,
07.10.25,08.40AM,P-01,WFO,61.69,2.47,11280,2.44,1.03,42,1.046,0.2,106,330
07.10.25,12.30PM,C-03-T,NO,87.13,4.09,1309,3.94,,,,,,
07.10.25,12.30PM,C-02-T,LCO,14,,,,0.98,31,0.989,,,
07.10.25,12.30PM,C-03-B,WO-270OC,0.2,,,,1.032,34,1.043,,238,270
07.10.25,12.30PM,C-01-B,ATO,0.42,,,,1.07,94,1.117,,272,360
07.10.25,07.00PM,P-01,WFO,60.53,2.31,11146,2.39,,,,,,
07.10.25,07.00PM,C-03-T,NO,88.7,3.27,1103,3.34,,,,,,
07.10.25,07.00PM,C-02-T,LCO,10.74,,,,0.982,32,0.992,,,
08.10.25,01.00AM,C-03-T,NO,86.94,3.97,1896,3.97,,,,,,
08.10.25,01.00AM,C-02-T,LCO,10.6,,,,0.983,33,0.993,,,
08.10.25,01.00AM,C-03-B,WO-270OC,0.04,,,,1.04,28,1.047,,240,278
08.10.25,01.00AM,C-01-B,ATO,0.43,,,,1.084,87,1.127,,274,360
08.10.25,07.15AM,C-03-T,NO,86.69,3.96,1613,4.1,,,,,,
08.10.25,07.15AM,C-02-T,LCO,12.87,,,,0.979,30,0.988,,,
